date,platform,sum
2014-10-29,android-app,1802952.00000
2015-03-22,ios-app,3013898.00000
2015-07-25,ios-app,2984733.00000
2015-06-09,android-app,2226085.00000
2015-02-19,android-app,2484117.00000
2014-10-14,android-app,1726583.00000
2014-11-18,android-app,2098803.00000
2014-09-23,android-app,1550544.00000
2015-06-06,ios-app,3093373.00000
2015-05-30,android-app,2230013.00000
2015-08-20,ios-app,3078199.00000
2014-09-16,ios-app,2439330.00000
2015-03-07,ios-app,2952226.00000
2015-08-25,ios-app,3105639.00000
2014-06-05,ios-app,2314384.00000
2015-09-02,android-app,2146245.00000
2015-03-25,ios-app,3039770.00000
2015-01-20,ios-app,3564477.00000
2015-06-13,android-app,2229398.00000
2015-02-17,android-app,2502931.00000
2014-09-28,android-app,1605633.00000
2015-08-18,ios-app,3054981.00000
2014-10-10,android-app,1675977.00000
2014-11-07,android-app,1868251.00000
2015-08-30,ios-app,3181662.00000
2015-09-28,ios-app,3248492.00000
2015-01-02,android-app,3130949.00000
2015-07-14,android-app,2134451.00000
2015-06-16,ios-app,3020759.00000
2014-11-16,ios-app,2641634.00000
2014-11-09,android-app,1866697.00000
2015-02-06,ios-app,3036752.00000
2015-03-21,android-app,2396558.00000
2014-08-12,ios-app,2440528.00000
2015-02-05,android-app,2576341.00000
2015-01-28,ios-app,3252758.00000
2014-07-15,android-app,1419549.00000
2015-01-25,android-app,2763284.00000
2014-12-21,ios-app,4012381.00000
2014-08-19,android-app,1454610.00000
2014-08-10,ios-app,2452849.00000
2014-09-15,android-app,1496888.00000
2015-06-13,ios-app,3040532.00000
2014-12-11,android-app,2834757.00000
2014-07-21,android-app,1406219.00000
2015-03-19,android-app,2398713.00000
2014-06-19,ios-app,2341284.00000
2015-01-08,android-app,3129736.00000
2014-10-22,android-app,1773873.00000
2015-09-14,ios-app,3146664.00000
2014-08-09,ios-app,2443463.00000
2015-07-30,ios-app,2995082.00000
2014-11-03,android-app,1833919.00000
2014-09-30,ios-app,2500966.00000
2015-04-25,ios-app,3112402.00000
2014-06-11,ios-app,2314942.00000
2014-07-05,ios-app,2422329.00000
2015-05-01,ios-app,3039242.00000
2014-09-20,ios-app,2440764.00000
2015-03-10,android-app,2416145.00000
2015-10-02,android-app,2126441.00000
2015-02-12,android-app,2537691.00000
2014-12-24,ios-app,4112529.00000
2015-01-03,android-app,3149499.00000
2015-06-20,ios-app,3019502.00000
2014-11-14,ios-app,2572704.00000
2015-06-28,android-app,2175960.00000
2015-06-01,ios-app,3167216.00000
2015-09-28,android-app,2124414.00000
2015-08-04,android-app,2058955.00000
2015-03-01,ios-app,2934564.00000
2014-08-10,android-app,1476206.00000
2014-09-11,android-app,1490310.00000
2014-09-03,android-app,1489329.00000
2014-06-08,ios-app,2305651.00000
2015-01-29,android-app,2690374.00000
2014-11-05,android-app,1847014.00000
2015-05-13,android-app,2280637.00000
2015-06-28,ios-app,2966808.00000
2015-03-26,android-app,2399483.00000
2014-07-17,ios-app,2455277.00000
2014-10-28,ios-app,2395129.00000
2015-08-16,ios-app,3050636.00000
2014-08-27,ios-app,2466119.00000
2015-08-09,android-app,2033176.00000
2015-02-27,android-app,2440465.00000
2014-09-26,android-app,1566661.00000
2014-07-22,ios-app,2444516.00000
2015-05-28,ios-app,3174311.00000
2014-11-06,ios-app,2444307.00000
2015-05-04,ios-app,3028249.00000
2015-02-14,android-app,2541282.00000
2015-05-25,ios-app,3155422.00000
2014-12-03,android-app,2622733.00000
2014-10-12,android-app,1709689.00000
2015-02-17,ios-app,2936449.00000
2015-07-18,ios-app,2965377.00000
2015-09-09,ios-app,3180099.00000
2015-04-22,ios-app,3173381.00000
2015-10-03,ios-app,3300276.00000
2015-04-15,android-app,2351001.00000
2015-08-14,ios-app,3026028.00000
2015-02-13,android-app,2538491.00000
2014-11-11,android-app,1894317.00000
2015-07-02,android-app,2159124.00000
2014-07-02,ios-app,2414092.00000
2015-01-01,android-app,3125266.00000
2015-04-02,ios-app,3161916.00000
2015-01-26,ios-app,3342809.00000
2014-12-01,android-app,2540781.00000
2015-08-21,android-app,2081865.00000
2014-11-12,android-app,1905028.00000
2014-08-24,android-app,1456078.00000
2014-10-27,ios-app,2406300.00000
2015-06-08,android-app,2228464.00000
2015-07-23,android-app,2112477.00000
2015-09-17,ios-app,3127074.00000
2015-10-04,ios-app,3311087.00000
2014-10-12,ios-app,2482798.00000
2015-02-14,ios-app,2982400.00000
2014-06-16,ios-app,2325199.00000
2014-12-18,android-app,2988752.00000
2014-10-06,ios-app,2483629.00000
2014-07-10,android-app,1392869.00000
2014-10-17,ios-app,2498049.00000
2014-12-12,ios-app,3678995.00000
2015-04-13,android-app,2350430.00000
2014-06-02,android-app,1320748.00000
2014-09-08,ios-app,2498324.00000
2015-01-13,ios-app,3807909.00000
2015-01-10,ios-app,3909666.00000
2015-09-18,android-app,2147208.00000
2015-01-18,ios-app,3641330.00000
2015-02-24,android-app,2424077.00000
2014-08-29,ios-app,2457256.00000
2015-05-21,android-app,2250431.00000
2014-07-28,ios-app,2443936.00000
2014-12-01,ios-app,3368118.00000
2015-06-04,ios-app,3121719.00000
2015-07-01,android-app,2165612.00000
2015-09-12,android-app,2169609.00000
2015-01-15,android-app,3047662.00000
2015-05-18,ios-app,3134995.00000
2015-03-04,ios-app,2939321.00000
2014-07-11,android-app,1380606.00000
2015-03-02,ios-app,2946310.00000
2014-07-09,android-app,1389651.00000
2014-06-27,android-app,1342416.00000
2015-07-31,ios-app,2984280.00000
2014-07-19,android-app,1383791.00000
2015-05-03,ios-app,3011712.00000
2015-06-03,ios-app,3138093.00000
2014-10-20,ios-app,2454924.00000
2015-09-24,android-app,2121473.00000
2015-09-19,ios-app,3156669.00000
2014-06-20,android-app,1356742.00000
2014-12-15,ios-app,3795131.00000
2015-07-04,android-app,2155214.00000
2014-07-23,ios-app,2445050.00000
2015-04-21,ios-app,3176944.00000
2015-05-24,android-app,2245062.00000
2015-07-10,ios-app,2943208.00000
2015-01-03,ios-app,3991938.00000
2015-04-03,android-app,2367100.00000
2015-05-10,android-app,2284679.00000
2014-10-15,android-app,1737701.00000
2015-07-09,android-app,2143517.00000
2015-08-24,ios-app,3108690.00000
2015-04-20,android-app,2349472.00000
2015-07-31,android-app,2074292.00000
2014-08-17,android-app,1476951.00000
2014-07-26,ios-app,2446904.00000
2015-06-14,ios-app,3032783.00000
2014-06-21,android-app,1359456.00000
2015-08-01,android-app,2046026.00000
2015-04-08,ios-app,3160388.00000
2014-12-28,ios-app,3955228.00000
2015-03-16,ios-app,2990774.00000
2014-08-13,ios-app,2443207.00000
2015-08-24,android-app,2099458.00000
2015-02-08,ios-app,3013558.00000
2015-08-11,android-app,2040327.00000
2014-07-20,ios-app,2426242.00000
2014-07-10,ios-app,2442889.00000
2015-02-02,android-app,2622965.00000
2015-07-17,ios-app,2964506.00000
2015-02-21,android-app,2478284.00000
2015-06-16,android-app,2222684.00000
2014-11-12,ios-app,2542757.00000
2015-04-21,android-app,2343869.00000
2015-08-06,ios-app,2983136.00000
2015-04-24,ios-app,3132286.00000
2015-06-08,ios-app,3047637.00000
2015-10-01,android-app,2126395.00000
2015-06-04,android-app,2240210.00000
2015-05-23,ios-app,3151770.00000
2015-01-10,android-app,3112257.00000
2015-01-18,android-app,2980742.00000
2015-04-25,android-app,2331310.00000
2015-05-19,ios-app,3139939.00000
2014-09-30,android-app,1619134.00000
2015-02-04,android-app,2582260.00000
2015-06-25,ios-app,2976706.00000
2015-05-22,android-app,2252275.00000
2015-08-05,android-app,2051935.00000
2014-08-06,android-app,1461378.00000
2014-12-04,ios-app,3470860.00000
2015-06-12,ios-app,3036709.00000
2015-03-15,ios-app,2979155.00000
2014-07-23,android-app,1416944.00000
2015-03-13,ios-app,2961132.00000
2014-07-24,android-app,1420806.00000
2014-10-02,android-app,1637493.00000
2015-02-11,android-app,2539268.00000
2014-09-25,ios-app,2475788.00000
2014-09-18,ios-app,2425417.00000
2015-02-15,android-app,2514720.00000
2015-01-01,ios-app,3983498.00000
2015-01-12,ios-app,3837663.00000
2014-10-05,ios-app,2490075.00000
2014-10-04,android-app,1634337.00000
2015-04-19,ios-app,3178132.00000
2015-05-20,android-app,2254197.00000
2015-03-20,android-app,2393309.00000
2015-07-07,android-app,2134785.00000
2015-09-05,android-app,2143140.00000
2014-07-07,android-app,1382999.00000
2014-06-15,ios-app,2327086.00000
2014-07-31,android-app,1437374.00000
2015-08-29,android-app,2126659.00000
2015-09-17,android-app,2149821.00000
2014-06-22,android-app,1362194.00000
2014-06-03,ios-app,2313055.00000
2015-06-11,android-app,2223616.00000
2014-10-16,android-app,1753055.00000
2015-09-27,android-app,2130499.00000
2015-04-28,ios-app,3052030.00000
2015-10-06,android-app,2105228.00000
2015-09-13,ios-app,3150523.00000
2015-07-15,ios-app,2956201.00000
2015-09-19,android-app,2139059.00000
2014-12-15,android-app,2903926.00000
2014-08-26,ios-app,2469880.00000
2015-06-11,ios-app,3039869.00000
2015-09-30,ios-app,3273398.00000
2015-07-16,ios-app,2962501.00000
2015-10-08,android-app,2105454.00000
2014-08-03,ios-app,2459234.00000
2015-04-13,ios-app,3147256.00000
2015-07-04,ios-app,2962332.00000
2014-07-05,android-app,1380386.00000
2015-07-17,android-app,2135849.00000
2015-06-15,ios-app,3025493.00000
2015-05-24,ios-app,3152099.00000
2014-10-15,ios-app,2489063.00000
2014-08-21,ios-app,2467993.00000
2014-06-14,android-app,1346217.00000
2014-10-11,android-app,1702116.00000
2014-12-06,ios-app,3540131.00000
2014-12-28,android-app,3136897.00000
2015-06-18,ios-app,3021119.00000
2015-05-09,android-app,2279936.00000
2014-12-24,android-app,3203570.00000
2015-04-01,android-app,2370453.00000
2015-01-07,android-app,3137910.00000
2015-01-14,android-app,3063051.00000
2015-03-28,ios-app,3100588.00000
2015-07-12,android-app,2143953.00000
2014-07-03,android-app,1372341.00000
2015-08-07,ios-app,2978406.00000
2015-08-15,android-app,2047645.00000
2015-08-31,android-app,2145643.00000
2015-01-14,ios-app,3774271.00000
2014-06-08,android-app,1315784.00000
2014-10-25,ios-app,2423622.00000
2015-08-10,android-app,2037284.00000
2015-04-01,ios-app,3156919.00000
2015-05-12,ios-app,3146568.00000
2014-08-16,android-app,1464502.00000
2014-07-13,android-app,1406215.00000
2015-03-05,android-app,2416691.00000
2015-07-02,ios-app,2956270.00000
2014-11-24,ios-app,2834978.00000
2014-08-04,android-app,1453333.00000
2015-07-21,android-app,2120139.00000
2014-08-08,ios-app,2466180.00000
2014-10-25,android-app,1766460.00000
2015-09-05,ios-app,3180775.00000
2015-05-12,android-app,2283526.00000
2015-04-06,ios-app,3157989.00000
2014-07-07,ios-app,2434092.00000
2015-02-16,ios-app,2948311.00000
2014-07-08,ios-app,2437572.00000
2014-10-09,android-app,1669317.00000
2014-08-30,android-app,1465000.00000
2015-04-17,android-app,2345416.00000
2015-03-15,android-app,2401595.00000
2014-09-04,android-app,1490053.00000
2014-09-12,android-app,1491669.00000
2015-06-07,ios-app,3061266.00000
2014-08-03,android-app,1471168.00000
2015-02-22,ios-app,2904457.00000
2014-08-18,android-app,1453030.00000
2015-06-30,android-app,2165388.00000
2015-03-16,android-app,2405777.00000
2014-09-29,ios-app,2516191.00000
2015-02-08,android-app,2547569.00000
2014-06-27,ios-app,2367604.00000
2015-02-10,ios-app,2998932.00000
2014-11-01,android-app,1822676.00000
2015-08-07,android-app,2035169.00000
2014-11-19,android-app,2127825.00000
2014-12-20,android-app,3056713.00000
2014-06-24,ios-app,2348070.00000
2014-08-06,ios-app,2448120.00000
2014-07-19,ios-app,2425110.00000
2014-12-14,android-app,2880636.00000
2014-09-01,ios-app,2466868.00000
2015-01-29,ios-app,3203292.00000
2015-09-13,android-app,2166348.00000
2014-09-11,ios-app,2475960.00000
2015-03-26,ios-app,3070240.00000
2014-12-19,ios-app,3933646.00000
2015-05-13,ios-app,3144866.00000
2014-11-23,ios-app,2804510.00000
2014-06-06,ios-app,2318478.00000
2015-04-05,ios-app,3176334.00000
2015-05-27,ios-app,3173741.00000
2015-03-08,ios-app,2954347.00000
2015-04-14,ios-app,3157778.00000
2015-06-06,android-app,2246784.00000
2014-12-26,ios-app,4044896.00000
2015-03-13,android-app,2407653.00000
2014-09-18,android-app,1502135.00000
2015-05-15,android-app,2274559.00000
2015-06-18,android-app,2225662.00000
2014-09-25,android-app,1561323.00000
2015-01-23,ios-app,3449256.00000
2014-06-20,ios-app,2356767.00000
2014-07-06,ios-app,2412358.00000
2015-01-27,ios-app,3303247.00000
2014-11-27,android-app,2288863.00000
2015-10-04,android-app,2124784.00000
2015-07-30,android-app,2084499.00000
2015-01-04,ios-app,3980659.00000
2015-09-12,ios-app,3159442.00000
2014-07-25,android-app,1425672.00000
2015-04-07,ios-app,3160360.00000
2015-04-06,android-app,2366877.00000
2015-05-04,android-app,2299662.00000
2014-07-14,android-app,1426961.00000
2014-12-07,android-app,2732527.00000
2015-06-20,android-app,2217788.00000
2015-07-12,ios-app,2950924.00000
2014-12-05,android-app,2665759.00000
2015-09-10,ios-app,3164417.00000
2014-11-23,android-app,2173900.00000
2014-07-03,ios-app,2418696.00000
2015-08-15,ios-app,3034098.00000
2014-09-01,android-app,1476194.00000
2014-09-10,android-app,1489323.00000
2014-11-20,android-app,2139388.00000
2014-06-13,android-app,1339675.00000
2015-05-14,android-app,2275994.00000
2015-06-17,android-app,2221253.00000
2015-09-21,android-app,2128682.00000
2014-06-03,android-app,1322978.00000
2015-05-16,android-app,2265680.00000
2014-09-04,ios-app,2473473.00000
2015-07-01,ios-app,2957955.00000
2015-03-11,ios-app,2955562.00000
2015-07-05,ios-app,2943245.00000
2014-09-09,ios-app,2491788.00000
2015-09-09,android-app,2161394.00000
2014-08-01,ios-app,2430025.00000
2015-02-26,ios-app,2906075.00000
2015-01-08,ios-app,3955816.00000
2015-05-18,android-app,2260907.00000
2014-07-06,android-app,1362613.00000
2014-11-26,ios-app,2915759.00000
2015-06-14,android-app,2225668.00000
2014-07-26,android-app,1431985.00000
2014-08-18,ios-app,2459154.00000
2014-12-31,android-app,3115671.00000
2014-11-17,ios-app,2674647.00000
2014-09-19,android-app,1505149.00000
2015-10-08,ios-app,3289051.00000
2014-10-23,android-app,1782074.00000
2014-06-23,android-app,1339462.00000
2015-07-29,ios-app,2995476.00000
2015-06-03,android-app,2233720.00000
2015-07-08,android-app,2139567.00000
2014-08-11,ios-app,2438675.00000
2015-07-22,android-app,2116135.00000
2015-02-20,ios-app,2916117.00000
2015-08-21,ios-app,3085276.00000
2014-11-08,android-app,1845884.00000
2014-09-14,ios-app,2455854.00000
2014-07-09,ios-app,2440309.00000
2014-12-03,ios-app,3448874.00000
2015-06-26,ios-app,2974515.00000
2015-08-19,android-app,2077813.00000
2015-04-12,android-app,2355730.00000
2014-06-06,android-app,1330493.00000
2014-06-25,ios-app,2354549.00000
2015-05-08,ios-app,3095762.00000
2015-02-23,android-app,2431692.00000
2015-04-05,android-app,2375860.00000
2014-08-23,ios-app,2473139.00000
2015-10-01,ios-app,3288086.00000
2014-06-01,ios-app,2311402.00000
2015-03-07,android-app,2422472.00000
2014-12-31,ios-app,3962246.00000
2015-04-04,android-app,2374808.00000
2015-07-24,ios-app,2984595.00000
2014-09-19,ios-app,2421111.00000
2014-08-22,ios-app,2470356.00000
2015-08-11,ios-app,3011179.00000
2014-08-25,ios-app,2472444.00000
2014-11-03,ios-app,2425294.00000
2014-07-16,android-app,1422289.00000
2014-09-27,ios-app,2498982.00000
2015-06-07,android-app,2237137.00000
2015-04-26,android-app,2326114.00000
2014-10-06,android-app,1649613.00000
2014-11-08,ios-app,2463626.00000
2015-01-26,android-app,2751076.00000
2014-11-20,ios-app,2721135.00000
2015-04-28,android-app,2308001.00000
2015-02-25,ios-app,2896902.00000
2014-09-08,android-app,1487903.00000
2015-04-18,android-app,2349567.00000
2015-06-26,android-app,2183255.00000
2015-01-17,ios-app,3680552.00000
2015-07-27,android-app,2095971.00000
2015-02-28,ios-app,2934026.00000
2015-04-09,ios-app,3159514.00000
2014-12-29,android-app,3152257.00000
2014-07-30,android-app,1433823.00000
2015-01-31,android-app,2647989.00000
2015-08-23,ios-app,3101721.00000
2015-09-25,android-app,2137965.00000
2014-12-08,android-app,2765071.00000
2015-09-11,ios-app,3152981.00000
2014-09-21,ios-app,2458264.00000
2015-01-22,ios-app,3446890.00000
2015-08-17,android-app,2053634.00000
2014-10-13,android-app,1716704.00000
2015-07-26,ios-app,2988984.00000
2015-03-17,android-app,2397092.00000
2015-02-24,ios-app,2892270.00000
2015-06-15,android-app,2223796.00000
2014-11-25,android-app,2229279.00000
2014-07-02,android-app,1368589.00000
2015-04-22,android-app,2343948.00000
2014-09-06,android-app,1480031.00000
2015-05-25,android-app,2247434.00000
2015-09-18,ios-app,3140752.00000
2015-03-22,android-app,2390242.00000
2015-05-21,ios-app,3145073.00000
2014-08-31,android-app,1469113.00000
2015-04-02,android-app,2373003.00000
2015-07-25,android-app,2098977.00000
2014-10-28,android-app,1799221.00000
2014-12-09,android-app,2786691.00000
2014-11-02,ios-app,2418797.00000
2014-09-22,ios-app,2467189.00000
2014-06-02,ios-app,2310578.00000
2014-08-24,ios-app,2467119.00000
2015-09-07,android-app,2147609.00000
2014-07-13,ios-app,2444168.00000
2015-07-13,android-app,2138454.00000
2014-11-22,ios-app,2778510.00000
2015-06-27,android-app,2181717.00000
2015-05-29,ios-app,3172223.00000
2014-06-23,ios-app,2351343.00000
2014-10-08,ios-app,2488809.00000
2015-05-17,ios-app,3136776.00000
2015-09-01,android-app,2148952.00000
2015-01-31,ios-app,3130495.00000
2014-08-20,android-app,1457382.00000
2015-03-25,android-app,2400759.00000
2014-12-06,android-app,2690922.00000
2014-12-22,android-app,3145830.00000
2015-09-30,android-app,2129627.00000
2015-09-03,android-app,2147731.00000
2015-01-23,android-app,2805017.00000
2015-02-01,android-app,2640004.00000
2014-12-10,ios-app,3649153.00000
2015-03-14,ios-app,2963241.00000
2014-12-27,android-app,3128570.00000
2015-02-15,ios-app,2959480.00000
2014-06-19,android-app,1349864.00000
2014-11-04,android-app,1839991.00000
2015-07-16,android-app,2138975.00000
2015-04-08,android-app,2366144.00000
2015-07-05,android-app,2143207.00000
2014-09-26,ios-app,2481018.00000
2015-06-21,android-app,2217159.00000
2015-08-01,ios-app,2942176.00000
2014-12-23,ios-app,4082678.00000
2014-06-29,ios-app,2380920.00000
2014-10-21,ios-app,2455125.00000
2014-11-24,android-app,2191858.00000
2015-08-09,ios-app,2992216.00000
2014-11-09,ios-app,2490976.00000
2014-08-14,ios-app,2449601.00000
2015-07-28,android-app,2095164.00000
2015-09-29,ios-app,3251788.00000
2014-07-15,ios-app,2452230.00000
2014-11-05,ios-app,2438858.00000
2014-11-21,ios-app,2746477.00000
2015-05-02,ios-app,3023347.00000
2015-06-24,android-app,2192950.00000
2015-03-20,ios-app,3012411.00000
2015-01-24,android-app,2773734.00000
2014-09-23,ios-app,2469053.00000
2015-06-21,ios-app,3016988.00000
2015-03-23,android-app,2393022.00000
2014-10-03,android-app,1644553.00000
2014-07-01,android-app,1357353.00000
2014-10-10,ios-app,2490880.00000
2014-10-14,ios-app,2484912.00000
2014-09-12,ios-app,2468057.00000
2015-09-20,ios-app,3177004.00000
2014-11-29,android-app,2444835.00000
2015-09-22,ios-app,3194212.00000
2014-08-19,ios-app,2463431.00000
2015-09-02,ios-app,3195200.00000
2014-12-13,ios-app,3703388.00000
2014-10-07,android-app,1656226.00000
2015-01-05,ios-app,3973089.00000
2015-06-23,android-app,2196737.00000
2014-10-08,android-app,1663276.00000
2014-12-30,android-app,3105817.00000
2015-02-16,android-app,2509314.00000
2014-09-14,android-app,1495472.00000
2015-02-06,android-app,2569336.00000
2014-08-15,android-app,1456654.00000
2015-08-28,android-app,2098561.00000
2014-10-03,ios-app,2512121.00000
2015-07-08,ios-app,2934749.00000
2015-02-02,ios-app,3085932.00000
2014-09-05,android-app,1448474.00000
2014-11-19,ios-app,2700064.00000
2015-03-21,ios-app,3015500.00000
2015-07-21,ios-app,2972673.00000
2014-12-16,android-app,2935589.00000
2014-08-05,android-app,1456309.00000
2014-12-23,android-app,3164055.00000
2015-08-12,ios-app,3014727.00000
2015-10-03,android-app,2124550.00000
2014-06-28,ios-app,2366887.00000
2015-08-14,android-app,2042351.00000
2014-06-13,ios-app,2330450.00000
2015-03-09,android-app,2419579.00000
2015-06-17,ios-app,3016964.00000
2015-07-15,android-app,2134335.00000
2015-01-06,android-app,3134419.00000
2014-06-10,ios-app,2310711.00000
2014-09-10,ios-app,2484039.00000
2015-03-29,ios-app,3119372.00000
2014-09-16,android-app,1497713.00000
2014-11-16,android-app,2051892.00000
2015-08-18,android-app,2052286.00000
2015-07-03,ios-app,2958302.00000
2014-10-30,ios-app,2404948.00000
2015-06-22,ios-app,3005235.00000
2014-10-26,android-app,1790734.00000
2014-06-04,ios-app,2314915.00000
2015-07-26,android-app,2097426.00000
2014-08-28,ios-app,2461738.00000
2015-05-31,android-app,2223083.00000
2014-06-30,ios-app,2388725.00000
2014-12-19,android-app,3021744.00000
2015-06-09,ios-app,3045454.00000
2015-03-29,android-app,2379083.00000
2014-09-28,ios-app,2505606.00000
2014-10-05,android-app,1641788.00000
2015-09-22,android-app,2126383.00000
2014-10-01,android-app,1629024.00000
2014-12-09,ios-app,3636953.00000
2014-10-26,ios-app,2421592.00000
2014-09-21,android-app,1538746.00000
2015-09-07,ios-app,3174101.00000
2015-02-21,ios-app,2915241.00000
2015-08-03,android-app,2061300.00000
2015-03-06,android-app,2422706.00000
2015-09-15,ios-app,3138692.00000
2015-08-22,ios-app,3092682.00000
2015-05-31,ios-app,3166073.00000
2014-07-12,android-app,1399589.00000
2014-11-28,ios-app,3067595.00000
2014-10-18,ios-app,2477104.00000
2014-12-16,ios-app,3838893.00000
2014-09-02,android-app,1489166.00000
2014-06-28,android-app,1336355.00000
2014-06-17,ios-app,2337959.00000
2015-01-02,ios-app,3982669.00000
2015-07-09,ios-app,2938724.00000
2015-01-11,android-app,3095676.00000
2015-07-13,ios-app,2951245.00000
2015-10-07,android-app,2104494.00000
2015-09-14,android-app,2169542.00000
2014-12-08,ios-app,3619113.00000
2015-04-10,ios-app,3160353.00000
2014-08-07,ios-app,2451427.00000
2015-01-30,android-app,2675137.00000
2014-12-29,ios-app,3956705.00000
2014-09-20,android-app,1529103.00000
2015-08-17,ios-app,3052718.00000
2015-09-24,ios-app,3211594.00000
2014-11-15,ios-app,2608859.00000
2015-05-01,android-app,2304246.00000
2015-09-04,ios-app,3186882.00000
2015-06-23,ios-app,2983777.00000
2015-09-08,android-app,2160031.00000
2015-09-25,ios-app,3236331.00000
2015-05-26,ios-app,3176985.00000
2014-06-09,android-app,1318804.00000
2015-02-27,ios-app,2926921.00000
2015-04-11,android-app,2361472.00000
2014-08-01,android-app,1441180.00000
2015-03-27,android-app,2382673.00000
2014-11-10,android-app,1889248.00000
2015-08-12,android-app,2037585.00000
2014-11-26,android-app,2257741.00000
2014-11-13,ios-app,2547695.00000
2014-10-24,android-app,1789525.00000
2015-09-03,ios-app,3190270.00000
2014-10-17,android-app,1763323.00000
2015-01-24,ios-app,3393689.00000
2015-05-11,ios-app,3150507.00000
2014-08-02,ios-app,2443343.00000
2014-07-01,ios-app,2399100.00000
2014-12-12,android-app,2851881.00000
2015-04-12,ios-app,3153972.00000
2015-02-05,ios-app,3046367.00000
2014-12-04,android-app,2643422.00000
2015-07-19,ios-app,2960107.00000
2015-04-30,ios-app,3042796.00000
2015-05-06,ios-app,3059728.00000
2015-09-21,ios-app,3183253.00000
2015-05-02,android-app,2298354.00000
2014-11-21,android-app,2156201.00000
2015-08-10,ios-app,3002719.00000
2014-07-14,ios-app,2460255.00000
2015-06-12,android-app,2224268.00000
2015-06-19,ios-app,3023189.00000
2015-08-03,ios-app,2980664.00000
2015-08-28,ios-app,3114974.00000
2015-08-27,ios-app,3106889.00000
2015-09-29,android-app,2119165.00000
2014-06-07,android-app,1304831.00000
2014-06-22,ios-app,2365337.00000
2015-05-10,ios-app,3141220.00000
2015-08-08,android-app,2037142.00000
2015-02-23,ios-app,2898864.00000
2015-03-17,ios-app,2988150.00000
2014-09-24,ios-app,2471521.00000
2015-02-01,ios-app,3112524.00000
2014-06-24,android-app,1336144.00000
2015-08-29,ios-app,3163406.00000
2015-03-12,android-app,2412227.00000
2014-11-07,ios-app,2454052.00000
2015-07-14,ios-app,2951954.00000
2015-03-09,ios-app,2954744.00000
2015-09-20,android-app,2132252.00000
2015-01-28,android-app,2711271.00000
2014-10-20,android-app,1761590.00000
2014-08-31,ios-app,2461270.00000
2014-10-13,ios-app,2478450.00000
2015-05-26,android-app,2258434.00000
2014-08-12,android-app,1443982.00000
2015-08-27,android-app,2092612.00000
2015-03-03,android-app,2408037.00000
2015-03-19,ios-app,3003376.00000
2014-10-19,android-app,1755000.00000
2014-08-08,android-app,1486011.00000
2015-04-16,android-app,2350967.00000
2014-10-31,ios-app,2419079.00000
2015-04-10,android-app,2365179.00000
2015-01-20,android-app,2939606.00000
2015-08-25,android-app,2094170.00000
2014-08-11,android-app,1445010.00000
2015-01-16,ios-app,3714562.00000
2015-04-19,android-app,2350083.00000
2014-09-13,android-app,1492509.00000
2015-09-23,ios-app,3201350.00000
2015-03-06,ios-app,2945166.00000
2015-03-28,android-app,2386345.00000
2014-12-22,ios-app,4054518.00000
2014-07-11,ios-app,2429735.00000
2014-11-27,ios-app,2968721.00000
2015-06-29,android-app,2169188.00000
2014-08-20,ios-app,2466101.00000
2014-12-17,ios-app,3880134.00000
2015-05-19,android-app,2261645.00000
2015-07-06,android-app,2136944.00000
2014-09-17,ios-app,2431720.00000
2015-02-22,android-app,2441447.00000
2015-08-02,android-app,2058146.00000
2014-09-07,android-app,1484656.00000
2014-11-14,android-app,1922933.00000
2015-07-20,ios-app,2967710.00000
2015-03-03,ios-app,2929103.00000
2015-02-04,ios-app,3054232.00000
2015-05-28,android-app,2253351.00000
2015-09-01,ios-app,3200485.00000
2015-06-01,android-app,2226271.00000
2015-01-27,android-app,2732589.00000
2014-06-01,android-app,1319296.00000
2014-10-22,ios-app,2453999.00000
2015-03-27,ios-app,3079439.00000
2014-11-22,android-app,2178496.00000
2015-05-07,android-app,2284227.00000
2015-05-17,android-app,2262413.00000
2015-03-24,ios-app,3030233.00000
2015-06-19,android-app,2223504.00000
2014-10-24,ios-app,2450944.00000
2014-06-26,ios-app,2360412.00000
2014-06-12,android-app,1326891.00000
2014-10-31,android-app,1818737.00000
2015-05-29,android-app,2239107.00000
2015-01-09,android-app,3128957.00000
2014-10-19,ios-app,2462581.00000
2014-08-13,android-app,1445362.00000
2015-08-31,ios-app,3200009.00000
2014-08-15,ios-app,2454949.00000
2015-02-25,android-app,2421637.00000
2014-10-07,ios-app,2486091.00000
2015-07-27,ios-app,2993466.00000
2014-12-30,ios-app,3938929.00000
2014-07-20,android-app,1388371.00000
2015-03-31,ios-app,3158851.00000
2015-04-18,ios-app,3177900.00000
2015-08-04,ios-app,2984090.00000
2014-07-18,android-app,1383536.00000
2014-09-27,android-app,1592481.00000
2015-04-16,ios-app,3169163.00000
2014-06-10,android-app,1321754.00000
2015-08-30,android-app,2136436.00000
2014-07-22,android-app,1412083.00000
2015-08-20,android-app,2080119.00000
2015-05-23,android-app,2246775.00000
2014-07-29,android-app,1442706.00000
2015-08-05,ios-app,2983782.00000
2015-05-22,ios-app,3148465.00000
2015-02-07,android-app,2554399.00000
2015-01-07,ios-app,3967448.00000
2014-06-07,ios-app,2303992.00000
2014-12-05,ios-app,3504427.00000
2014-06-09,ios-app,2306864.00000
2014-06-26,android-app,1340769.00000
2015-05-14,ios-app,3144802.00000
2015-07-22,ios-app,2976811.00000
2015-04-11,ios-app,3160146.00000
2015-08-13,ios-app,3018855.00000
2014-10-01,ios-app,2508313.00000
2014-10-23,ios-app,2453959.00000
2015-02-20,android-app,2480560.00000
2015-07-23,ios-app,2983099.00000
2015-03-31,android-app,2383347.00000
2015-07-20,android-app,2121499.00000
2014-12-18,ios-app,3907967.00000
2015-06-29,ios-app,2959373.00000
2015-09-06,android-app,2146539.00000
2014-07-12,ios-app,2447133.00000
2015-03-02,android-app,2432740.00000
2014-12-11,ios-app,3666156.00000
2014-09-24,android-app,1555848.00000
2015-07-18,android-app,2131634.00000
2015-03-04,android-app,2417879.00000
2015-02-09,android-app,2544051.00000
2014-10-04,ios-app,2496345.00000
2015-06-02,android-app,2229913.00000
2015-05-03,android-app,2292677.00000
2015-05-20,ios-app,3141025.00000
2014-07-29,ios-app,2440989.00000
2015-09-23,android-app,2125604.00000
2015-09-06,ios-app,3178341.00000
2015-07-11,ios-app,2948330.00000
2015-03-18,android-app,2396034.00000
2015-05-11,android-app,2288298.00000
2015-05-06,android-app,2289100.00000
2014-12-13,android-app,2857453.00000
2014-11-02,android-app,1824558.00000
2014-11-25,ios-app,2871317.00000
2015-06-24,ios-app,2982007.00000
2014-12-21,android-app,3104758.00000
2015-03-10,ios-app,2954015.00000
2015-04-24,android-app,2338286.00000
2014-12-14,ios-app,3756480.00000
2015-06-22,android-app,2209581.00000
2014-10-02,ios-app,2512085.00000
2014-09-07,ios-app,2488984.00000
2015-01-13,android-app,3079785.00000
2015-07-24,android-app,2107339.00000
2014-07-28,android-app,1438211.00000
2015-07-06,ios-app,2935740.00000
2015-06-10,ios-app,3044852.00000
2014-07-04,ios-app,2425298.00000
2014-10-11,ios-app,2491974.00000
2014-08-14,android-app,1450612.00000
2014-09-22,android-app,1546169.00000
2014-06-11,android-app,1325036.00000
2015-04-20,ios-app,3179083.00000
2014-09-13,ios-app,2459348.00000
2014-07-25,ios-app,2446160.00000
2015-01-05,android-app,3132809.00000
2015-02-10,android-app,2541625.00000
2014-08-09,android-app,1466806.00000
2015-09-27,ios-app,3251278.00000
2014-06-21,ios-app,2360378.00000
2014-12-07,ios-app,3584159.00000
2014-09-06,ios-app,2477608.00000
2015-02-12,ios-app,2989620.00000
2015-08-06,android-app,2044398.00000
2014-06-04,android-app,1326261.00000
2015-03-30,android-app,2381180.00000
2014-10-30,android-app,1809622.00000
2014-08-16,ios-app,2460569.00000
2015-10-02,ios-app,3295325.00000
2014-12-02,ios-app,3427943.00000
2014-06-17,android-app,1340362.00000
2015-08-26,android-app,2089642.00000
2014-08-26,android-app,1462472.00000
2014-08-28,android-app,1464876.00000
2014-06-30,android-app,1352810.00000
2015-01-06,ios-app,3969262.00000
2014-06-18,android-app,1344591.00000
2015-02-03,android-app,2622610.00000
2015-06-05,android-app,2243629.00000
2015-03-24,android-app,2397809.00000
2014-09-03,ios-app,2479535.00000
2014-09-09,android-app,1488472.00000
2015-03-11,android-app,2413167.00000
2015-01-22,android-app,2802420.00000
2015-05-15,ios-app,3145398.00000
2015-02-26,android-app,2425410.00000
2014-11-04,ios-app,2429860.00000
2014-07-18,ios-app,2425213.00000
2015-05-05,ios-app,3042317.00000
2015-09-16,ios-app,3121300.00000
2014-11-29,ios-app,3229553.00000
2015-09-04,android-app,2147957.00000
2015-08-02,ios-app,2971504.00000
2014-08-21,android-app,1460856.00000
2014-10-18,android-app,1751122.00000
2015-01-19,ios-app,3602598.00000
2015-01-15,ios-app,3743469.00000
2014-12-02,android-app,2595844.00000
2014-09-29,android-app,1617201.00000
2015-06-25,android-app,2188419.00000
2014-08-07,android-app,1466850.00000
2014-12-25,android-app,3222402.00000
2014-08-29,android-app,1465821.00000
2014-09-02,ios-app,2485038.00000
2014-06-18,ios-app,2339957.00000
2015-02-11,ios-app,2994014.00000
2014-07-24,ios-app,2445805.00000
2014-10-21,android-app,1768666.00000
2015-01-04,android-app,3139953.00000
2015-09-26,ios-app,3250649.00000
2015-04-15,ios-app,3165317.00000
2015-03-23,ios-app,3022037.00000
2014-07-27,ios-app,2444851.00000
2014-10-27,android-app,1797132.00000
2015-08-08,ios-app,2982000.00000
2014-11-15,android-app,1995702.00000
2014-12-26,android-app,3198023.00000
2015-03-08,android-app,2420530.00000
2014-09-05,ios-app,2455999.00000
2015-04-14,android-app,2351674.00000
2015-07-11,android-app,2142814.00000
2015-04-26,ios-app,3092400.00000
2014-07-16,ios-app,2454230.00000
2014-11-30,ios-app,3314072.00000
2014-06-05,android-app,1327158.00000
2015-01-21,ios-app,3482389.00000
2015-01-12,android-app,3088538.00000
2015-02-09,ios-app,3004296.00000
2015-05-27,android-app,2256200.00000
2014-08-05,ios-app,2446201.00000
2014-11-17,android-app,2083546.00000
2015-09-10,android-app,2153816.00000
2014-06-29,android-app,1348585.00000
2015-03-01,android-app,2431063.00000
2015-01-25,ios-app,3368911.00000
2014-12-20,ios-app,3965083.00000
2015-04-23,ios-app,3148620.00000
2014-08-04,ios-app,2444525.00000
2014-11-13,android-app,1903602.00000
2014-11-01,ios-app,2418413.00000
2014-11-28,android-app,2353909.00000
2015-07-03,android-app,2158280.00000
2014-11-30,android-app,2497011.00000
2015-02-07,ios-app,3023565.00000
2015-04-27,ios-app,3075249.00000
2015-03-05,ios-app,2939986.00000
2015-02-28,android-app,2440667.00000
2015-06-27,ios-app,2972806.00000
2015-01-30,ios-app,3172589.00000
2015-02-18,ios-app,2927235.00000
2015-03-14,android-app,2397304.00000
2015-01-17,android-app,3004510.00000
2015-10-07,ios-app,3282521.00000
2014-07-31,ios-app,2431052.00000
2014-07-04,android-app,1378750.00000
2015-06-10,android-app,2227703.00000
2015-01-11,ios-app,3869498.00000
2015-10-05,ios-app,3313861.00000
2015-07-07,ios-app,2932564.00000
2014-07-21,ios-app,2443997.00000
2014-06-15,android-app,1327926.00000
2015-05-30,ios-app,3168650.00000
2015-01-16,android-app,3025326.00000
2015-02-13,ios-app,2986208.00000
2015-03-12,ios-app,2958685.00000
2015-08-13,android-app,2037241.00000
2014-07-17,android-app,1421379.00000
2015-04-23,android-app,2340591.00000
2015-04-27,android-app,2314616.00000
2014-10-09,ios-app,2490061.00000
2015-07-28,ios-app,2998742.00000
2014-09-15,ios-app,2448905.00000
2015-02-03,ios-app,3079743.00000
2014-11-18,ios-app,2687111.00000
2015-08-26,ios-app,3105616.00000
2015-09-15,android-app,2170233.00000
2014-12-17,android-app,2960527.00000
2015-05-16,ios-app,3139083.00000
2015-06-02,ios-app,3152544.00000
2014-07-27,android-app,1432040.00000
2015-08-22,android-app,2090033.00000
2015-04-30,android-app,2298388.00000
2014-06-16,android-app,1327635.00000
2015-10-05,android-app,2124510.00000
2014-12-25,ios-app,4101914.00000
2015-05-07,ios-app,3080664.00000
2014-11-10,ios-app,2513723.00000
2015-08-19,ios-app,3071740.00000
2015-05-08,android-app,2281601.00000
2014-07-08,android-app,1386584.00000
2015-05-09,ios-app,3114325.00000
2015-06-05,ios-app,3110403.00000
2015-07-10,android-app,2144364.00000
2014-06-14,ios-app,2340036.00000
2015-01-21,android-app,2832738.00000
2014-08-22,android-app,1465755.00000
2015-06-30,ios-app,2957299.00000
2014-11-06,android-app,1855277.00000
2014-06-25,android-app,1338188.00000
2014-08-25,android-app,1461080.00000
2015-03-18,ios-app,2994246.00000
2014-12-10,android-app,2810787.00000
2015-04-29,ios-app,3046401.00000
2014-08-23,android-app,1471195.00000
2015-09-08,ios-app,3188694.00000
2015-01-09,ios-app,3943803.00000
2015-09-26,android-app,2138281.00000
2015-04-09,android-app,2365547.00000
2015-09-11,android-app,2150088.00000
2014-10-29,ios-app,2390130.00000
2015-04-04,ios-app,3174837.00000
2015-02-19,ios-app,2921323.00000
2015-04-17,ios-app,3170164.00000
2015-03-30,ios-app,3135654.00000
2015-08-23,android-app,2095794.00000
2014-08-30,ios-app,2458084.00000
2014-10-16,ios-app,2497300.00000
2015-04-07,android-app,2365316.00000
2015-02-18,android-app,2491570.00000
2015-07-29,android-app,2088013.00000
2014-08-17,ios-app,2472772.00000
2014-11-11,ios-app,2521543.00000
2014-12-27,ios-app,3973980.00000
2015-04-03,ios-app,3163645.00000
2015-04-29,android-app,2301216.00000
2014-08-27,android-app,1463638.00000
2014-06-12,ios-app,2317271.00000
2015-05-05,android-app,2294496.00000
2014-09-17,android-app,1499796.00000
2015-08-16,android-app,2056998.00000
2015-09-16,android-app,2153279.00000
2015-07-19,android-app,2120039.00000
2014-08-02,android-app,1454495.00000
2015-10-06,ios-app,3279325.00000
2014-07-30,ios-app,2428789.00000
2015-01-19,android-app,2961507.00000
